item,label
Abalone,Seafood
Acerola,Produce
Acidophilus Milk,Dairy
Ackee,Produce
Acorn Squash,Produce
Acorn Squash (without seeds),Produce
Adzuki Bean,Produce
Ahipa,Produce
Ajwain,Produce
albacore tuna,Seafood
alewife shad,Seafood
Alfalfa Sprouts,Produce
Almond Milk,Dairy
Almonds,Produce
Amanatsu,Produce
Amaranth,Produce
American Groundnut,Produce
American shad,Seafood
Amla,Produce
Ammonium Caseinate,Dairy
Anchovies,Seafood
Anglerfish,Seafood
Aonori,Produce
Apples,Produce
Apricots,Produce
Apriums,Produce
Arame,Produce
Arracacha,Produce
Arrowroot,Produce
Artichoke,Produce
Artichoke Hearts,Produce
Artichokes,Produce
Arugula,Produce
Asian Pears,Produce
Asparagus,Produce
Asparagus Tips,Produce
atlantic cod,Seafood
Aubergine,Produce
Aubergine Eggplant,Produce
Austromegabalanus psittacus,Seafood
Avocado,Produce
Avocados,Produce
Baby Corn,Produce
Bamboo Shoots,Produce
Banana,Produce
Banana Squash,Produce
Bananas,Produce
Barnacles,Seafood
Barracuda,Seafood
Basa,Seafood
Basil,Produce
Bass,Seafood
bay scallop,Seafood
Bean Curd,Dairy
beef,Meat
Beet Greens,Produce
Beetroot,Produce
Beets,Produce
Belgian Endive,Produce
Bell Peppers,Produce
"Bell Peppers (red, orange, yellow, green)",Produce
Bergamot Orange,Produce
bigeye tuna,Seafood
Bitter Melon,Produce
Bitter Orange,Produce
Black cod,Seafood
Black Cumin,Produce
Black Eyed Pea,Produce
Black Radish,Produce
Black Salsify,Produce
Black-eyed Peas,Produce
Blackberries,Produce
Blood Orange,Produce
Blood Oranges,Produce
Blueberries,Produce
bluefin tuna,Seafood
Bluefish,Seafood
Bok Choy,Produce
Bombay duck,Seafood
Bonito,Seafood
Boysenberries,Produce
Breadfruit,Produce
Breadroot,Produce
Bream,Seafood
Brill,Seafood
Broad Beans,Produce
Broadleaf Arrowhead,Produce
Broccoflower,Produce
Broccoli,Produce
Broccoli Rabe,Produce
Broccoli Romanesco,Produce
Broccolini,Produce
Brussel Sprouts,Produce
Brussels Sprouts,Produce
Buddhaâ€™s Hand,Produce
Burbot,Seafood
Burdock Roots,Produce
Bush Carrot,Produce
butter,Dairy
Butter Esters,Dairy
Butter Fat,Dairy
Butter Oil,Dairy
Butter Solids,Dairy
Buttercup Squash,Produce
butterfish,Seafood
Buttermilk,Dairy
Buttermilk Powder,Dairy
Butternut Squash,Produce
Cabbage,Produce
Cactus,Produce
Calamansi,Produce
Calamondin,Produce
Calcium Carbonate,Dairy
Calcium Caseinate,Dairy
Calcium Citrate,Dairy
Calcium Phosphate,Dairy
Calcium Propionate,Dairy
Camas,Produce
Canna,Produce
Cantaloupe,Produce
Cape Gooseberry,Produce
capelin roe,Seafood
Caper,Produce
Cara Cara,Produce
Carambola,Produce
Cardoon,Produce
Carrot,Produce
Carrots,Produce
casein,Dairy
Caseinate,Dairy
Cashew,Produce
Cashew Apple,Produce
Cassava,Produce
Catfish,Seafood
Catsear,Produce
Cauliflower,Produce
Caviar,Seafood
Cayenne Pepper,Produce
Celeriac,Produce
Celery,Produce
Celery Hearts,Produce
Celtuce,Produce
Chard,Produce
Chaya,Produce
Chayote,Produce
Chayote Squash,Produce
Chayotes,Produce
cheese,Dairy
Cherimoya,Produce
Cherimoyas,Produce
Cherries,Produce
Cherry Tomato,Produce
Chervil,Produce
chewing gum,Dairy
Chick Pea,Produce
chicken,Meat
chicken broth,Dairy
chicken leg,Meat
chicken nuggets,Dairy
Chickpeas,Produce
Chickweed,Produce
Chico,Produce
Chicory,Produce
Chicory Greens,Produce
Chilean sea bass,Seafood
Chili Pepper,Produce
Chili Peppers,Produce
Chinese Artichokes,Produce
Chinese Broccoli,Produce
Chinese Cabbage,Produce
Chinese Spinach,Produce
Chinese Water Chestnut,Produce
Chinese Yam,Produce
Chinotto,Produce
Chives,Produce
Chrysanthemum,Produce
Cilantro,Produce
Citron,Produce
Clam,Seafood
Clementine,Produce
Clove,Produce
Cockle,Seafood
Cocoa Butter,Dairy
Cocoa Powder,Dairy
Coconut,Produce
Coconut Butter,Dairy
Coconut Cream,Dairy
Coconuts,Produce
Cod,Seafood
Coffee,Produce
Collard Greens,Produce
Collards,Produce
Common Beans,Produce
common ling,Seafood
Common Purslane,Produce
Conch,Seafood
Condensed Milk,Dairy
Corn,Produce
Corsican Citron,Produce
Cottage Cheese,Dairy
Courgette,Produce
Courgette Flowers,Produce
Crabs,Seafood
Cranberries,Produce
Craw,Seafood
Cray Fish,Seafood
Cream,Dairy
"cream (heavy cream, sour cream, etc)",Dairy
Cream of Coconut,Dairy
Cream of Tartar,Dairy
Creamed Honey,Dairy
Cress,Produce
Crookneck Squash,Produce
cucumber,Seafood
Cucumber,Produce
Cucumber (without skin or seeds),Produce
Cucumbers,Produce
Curds,Dairy
Cushaw Squash,Produce
Custard Apple,Produce
Cuttlefish,Seafood
Dabberlocks,Produce
Daikon,Produce
Dandelion,Produce
Date Palm,Produce
Dates,Produce
Daylily,Produce
Delactosed Whey,Dairy
Delicata Squash,Produce
Demineralized Whey,Dairy
Desert Lime,Produce
Dill,Produce
Dogfish,Seafood
dogtooth tuna,Seafood
Dolichos,Produce
Dorade,Seafood
Dragon Fruit,Produce
Drumstick,Produce
Dry Milk Powder,Dairy
Dry Milk Solids,Dairy
Dulse,Produce
Durian,Produce
Earthnut Pea,Produce
Edamame,Produce
Eel,Seafood
egg,Dairy
Eggplant,Produce
Eggplants,Produce
Elephant Foot Yam,Produce
Elephant Garlic,Produce
Endive,Produce
Endive Greens,Produce
Endives,Produce
Ensete,Produce
Escarole Greens,Produce
Etrog,Produce
Eureka Lemon,Produce
Evaporated Milk,Dairy
Fat Hen,Produce
Fava bean,Produce
Fava Beans,Produce
Fennel,Produce
Fiddlehead Green,Produce
Fiddleheads,Produce
Fig,Produce
Figs,Produce
Finger Lime,Produce
First Lady,Produce
fish,Seafood
fish fillet,Seafood
fish sticks,Dairy
Florence Fennel,Produce
Florentine Citron,Produce
Flounder,Seafood
Fluted Pumpkin,Produce
flying-fish roe,Seafood
"Fruit Butter (Apple, Pumpkin, etc)",Dairy
Fugu,Seafood
Galangal,Produce
Garbanzo,Produce
Garbanzo Beans,Produce
Garden Cress,Produce
Garden Huckleberry,Produce
Garden Peas,Produce
Garden Rocket,Produce
Garlic,Produce
Garlic Chives,Produce
Ghee,Dairy
Ginger,Produce
Glucono Delta-Lactone,Dairy
Goat Cheese,Dairy
Goat Milk,Dairy
Goji Berry,Produce
Golden Samphire,Produce
Good King Henry,Produce
Gooseberries,Produce
Grapefruit,Produce
Grapefruits,Produce
Grapes,Produce
Greater Plantain,Produce
Greek Citron,Produce
Green Almonds,Produce
Green Beans,Produce
Green Bell Peppers,Produce
Green Cabbage,Produce
Green Onions,Produce
Green Peas,Produce
Green Soybeans,Produce
Grouper,Seafood
Guar,Produce
Guava,Produce
Guavas,Produce
Haddock,Seafood
Hake,Seafood
Half & Half,Dairy
Halibut,Seafood
Hamburg Parsley,Produce
Hearts of Palm,Produce
Herring,Seafood
herring roe,Seafood
Hijiki,Produce
Hog Potatoes,Produce
Honeydew Melon,Produce
Horse Gram,Produce
Horse mackerel,Seafood
Horseradish,Produce
hot dogs,Dairy
Hubbard Squash,Produce
Hydrolyzed Casein,Dairy
Hydrolyzed Milk Protein,Dairy
Hyuganatsu,Produce
ice cream,Dairy
Iceberg Lettuce,Produce
Ikura,Seafood
Ilish,Seafood
Indian Gooseberry,Produce
Indian Pea,Produce
Iron Caseinate,Dairy
Israel Citron,Produce
Jaboticaba,Produce
Jackfruit,Produce
Jalapeno Peppers,Produce
Jalapenos,Produce
Japanese amberjack,Seafood
Japanese Apricots,Produce
Japanese butterfish,Seafood
Japanese Potatoes,Produce
Jerusalem Artichokes,Produce
Jicama,Produce
John Dory,Seafood
Juniper,Produce
Kabosu,Produce
Kaffir Lime,Produce
Kale,Produce
Karuka,Produce
Kazunoko,Seafood
Key Lime,Produce
Kinnow,Produce
Kiwi,Produce
Kiwis,Produce
Kiyomi,Produce
Kohlrabi,Produce
Komatsuna,Produce
Kombu,Produce
Konjac,Produce
Kumquat,Produce
Kumquats,Produce
Kurrat,Produce
Lactalbumin,Dairy
Lactoferrin,Dairy
Lactoglobulin,Dairy
Lactose,Dairy
Lactulose,Dairy
Lagos Bologi,Produce
lamb,Meat
Lamprey,Seafood
Land Cress,Produce
Laver,Produce
Lecithin Oleoresin,Dairy
Leek,Produce
Leeks,Produce
Lemon,Produce
Lemongrass,Produce
Lemons,Produce
Lentil,Produce
Lettuce,Produce
Lima Bean,Produce
Lima Beans,Produce
Lime,Produce
Limes,Produce
Lingcod,Seafood
Lingonberries,Produce
Lobsters,Seafood
Loco,Seafood
Longan,Produce
Loquat,Produce
Lotus Root,Produce
Low-Fat Milk,Dairy
Lumpfish roe,Seafood
Lychee,Produce
Lychees,Produce
Mackerel,Seafood
Magnesium Caseinate,Dairy
Mahi Mahi,Seafood
Malabar Spinach,Produce
Malt Liquor,Dairy
Malt Vinegar,Dairy
Malted Barley or other Grain-Based Malts,Dairy
Malted Milk,Dairy
Mandarin Orange,Produce
Mangetout,Produce
Mango,Produce
Mangoes,Produce
Mangosteen,Produce
Manoa,Produce
Masago,Seafood
Mashua,Produce
meat,Meat
Medjool Dates,Produce
Melons,Produce
Meyer Lemon,Produce
milk,Dairy
Milk Derivative,Dairy
Milk Fat,Dairy
Milk Powder,Dairy
Milk Protein,Dairy
Milk Solids,Dairy
Milk Thistle,Dairy
Mint,Produce
Mizuna,Produce
Monkfish,Seafood
Morel Mushrooms,Produce
Morels,Produce
Moroccan Citron,Produce
Moth Bean,Produce
Mozuku,Produce
Mulberries,Produce
Mulberry,Produce
Mullet,Seafood
Mulukhiyah,Produce
Mung Bean,Produce
Mushrooms,Produce
Muskmelon,Produce
Mussel,Seafood
Mustard,Produce
Mustard (leaves and seeds),Produce
Mustard Greens,Produce
Myrtle-leaved Orange,Produce
Napa Cabbage,Produce
Naranjilla,Produce
Natural Butter Flavor,Dairy
Nautilus,Seafood
Navel Orange,Produce
Navel Oranges,Produce
Nectarine,Produce
Nectarines,Produce
Nettles,Produce
New Zealand Spinach,Produce
New Zealand Yam,Produce
Nonfat Milk,Dairy
Nopal,Produce
Nori,Produce
Nougat,Dairy
"Nut Butters (Peanut, Almond, etc.)",Dairy
Octopus,Seafood
Ogonori,Produce
Okra,Produce
Olive,Produce
Olives,Produce
Onion,Produce
Onions,Produce
Orache,Produce
Orange,Produce
Orange roughy,Seafood
Oranges,Produce
Oroblanco Grapefruit,Produce
Oyster,Seafood
pacific cod,Seafood
Pacific rudderfish,Seafood
Pacific sanddab,Seafood
Pacific saury,Seafood
Pacific snapper,Seafood
Pak Choy,Produce
Paneer,Dairy
Papaya,Produce
Papayas,Produce
Papeda,Produce
Paprika,Produce
Paracress,Produce
Parrotfish,Seafood
Parsley,Produce
Parsley Root,Produce
Parsnip,Produce
Parsnips,Produce
Passion Fruit,Produce
Patagonian toothfish,Seafood
Pea,Produce
Pea Beans,Produce
Pea Pods,Produce
Peach,Produce
Peaches,Produce
Pearl Onion,Produce
Pears,Produce
Peas,Produce
Pepino,Produce
Peppers,Produce
Perch,Seafood
Periwinkle,Seafood
Persian Lime,Produce
Persimmon,Produce
Persimmons,Produce
Pigeon Pea,Produce
Pignut,Produce
Pike,Seafood
Pilchard,Seafood
Pimento,Produce
Pineapple,Produce
Pineapples,Produce
Pinto Beans,Produce
Plantains,Produce
Plums,Produce
Pluots,Produce
Pollock,Seafood
Pomegranate,Produce
Pomegranates,Produce
Pomelo,Produce
Pomfret,Seafood
Pompano,Seafood
Ponderosa Lemon,Produce
pork,Meat
Potassium Caseinate,Dairy
Potato,Produce
potato chips,Dairy
Potatoes,Produce
Prairie Turnip,Produce
Prawns,Seafood
Prussian Asparagus,Produce
Pufferfish,Seafood
Pumpkin,Produce
Pumpkins,Produce
Quince,Produce
Quinces,Produce
Radicchio,Produce
Radish,Produce
Radishes,Produce
rainbow trout,Seafood
Rambutan,Produce
Ramp,Produce
Rangpur,Produce
Rapini,Produce
Raspberries,Produce
Recaldent,Dairy
Red Apples,Produce
Red Beets,Produce
Red Bell Peppers,Produce
Red Cabbage,Produce
Red Currants,Produce
Red Grapefruits,Produce
Red Grapes,Produce
Red Leaf Lettuce,Produce
Red Onions,Produce
Red Pears,Produce
Red Peppers,Produce
Red Potatoes,Produce
Rennet Casein,Dairy
Rhubarb,Produce
Rhubarb Leaves,Produce
Ricebean,Produce
righteye flounder,Seafood
rock cod,Seafood
rockfish,Seafood
Romaine,Produce
Rose Apple,Produce
Rose Hip,Produce
Rosemary,Produce
Round Lime,Produce
Ruby Red Grapefruit,Produce
Runner Bean,Produce
Rutabaga,Produce
Rutabagas,Produce
Sablefish,Seafood
Saffron,Produce
Salad Savoy,Produce
Salak,Produce
salmon roe,Seafood
Salsify,Produce
Samphire,Produce
Sanddab,Seafood
Sapote,Produce
Sardine,Seafood
Satsuma,Produce
Scallion,Produce
Scallions,Produce
Scallop,Seafood
Scorzonera,Produce
Sculpit,Produce
Sea bass,Seafood
Sea Beet,Produce
Sea bream,Seafood
Sea Grape,Produce
Sea Kale,Produce
Sea Lettuce,Produce
sea scallop,Seafood
,
Sesame Seeds,Produce
Shad,Seafood
Shad roe,Seafood
Shallot,Produce
Shallots,Produce
Shangjuan,Produce
Shark,Seafood
Shea Butter,Dairy
Sheep Milk,Dairy
Sheep Milk Cheese,Dairy
Shonan Gold,Produce
Shrimps,Seafood
Sierra Leone Bologi,Produce
Skate,Seafood
Skim Milk,Dairy
Skirret,Produce
Smelt,Seafood
Snails,Seafood
Snakehead,Seafood
Snap Pea,Produce
Snap Peas,Produce
Snapper,Seafood
Snow Pea,Produce
Snow Peas,Produce
Sodium Caseinate,Dairy
Soko,Produce
Sole,Seafood
Sorrel,Produce
Sour Cabbage,Produce
Sour Cream,Dairy
Sour Milk Solids,Dairy
Soursop,Produce
Soybean,Produce
Spaghetti Squash,Produce
spaghettios,Dairy
Spinach,Produce
Spinach (pureed),Produce
Sprat,Seafood
Spring Onion,Produce
Spring Onions,Produce
Sprouts,Produce
Squash,Produce
Squash Blossoms,Produce
Squid,Seafood
Star Apple,Produce
Star Fruit,Produce
stockfish,Seafood
Strawberries,Produce
String Beans,Produce
striped bass,Seafood
Stromateidae,Seafood
Sturgeon,Seafood
sturgeon roe,Seafood
Sudachi,Produce
Sugar Snap Peas,Produce
Summer Squash,Produce
Surimi,Seafood
Swede,Produce
Sweet Corn,Produce
Sweet Lime,Produce
Sweet Potato,Produce
Sweet Potatoes,Produce
Sweet Whey,Dairy
Sweetened Condensed Milk,Dairy
Swiss Chard,Produce
Swordfish,Seafood
Taiwan Tangerine,Produce
Tamarind,Produce
Tangelo,Produce
Tangelos,Produce
Tangerine,Produce
Tangerines,Produce
Tangor,Produce
Taro,Produce
Tart Cherries,Produce
Tarwi,Produce
Tatsoi,Produce
Tepary Bean,Produce
Thistles,Produce
Thyme,Produce
Tigernut,Produce
Tilapia,Seafood
Tilefish,Seafood
Tobiko,Seafood
tofu,Dairy
Tomatillo,Produce
Tomatillos,Produce
Tomato,Produce
tomato sauces,Dairy
Tomatoes,Produce
Tree Onion,Produce
Trout,Seafood
Tuna,Seafood
tuna,Dairy
Turbot,Seafood
Turmeric,Produce
Turnip,Produce
Turnips,Produce
,
Ugli Fruit,Produce
Ulluco,Produce
Urad Bean,Produce
Valencia Orange,Produce
Valencia Oranges,Produce
Vinaigrette dressing,Dairy
Wahoo,Seafood
Wasabi,Produce
Water Caltrop,Produce
Water Chestnut,Produce
Water Chestnuts,Produce
Water Spinach,Produce
Watercress,Produce
Watermelon,Produce
Wax Beans,Produce
Welsh Onion,Produce
Wheatgrass,Produce
whey,Dairy
Whey Powder,Dairy
Whey Protein Concentrate,Dairy
Whey Protein Hydrolysate,Dairy
Whipped Cream,Dairy
Whipped Topping,Dairy
White Button Mushrooms,Produce
White Grapefruit,Produce
White Mushrooms,Produce
White Potatoes,Produce
White Potatoes (without skin),Produce
Whitefish,Seafood
Whiting,Seafood
Whole Milk,Dairy
Wild Leek,Produce
Winged Bean,Produce
Winter Squash,Produce
Witch,Seafood
Yam,Produce
Yams,Produce
Yao Choy,Produce
Yard-long Beans,Produce
Yardlong Bean,Produce
Yarrow,Produce
yellowfin tuna,Seafood
Yellowtail,Seafood
yogurt,Dairy
Yuca Root,Produce
Yukon Gold Potatoes,Produce
Yuzu,Produce
Zinc Caseinate,Dairy
Zucchini,Produce
